namespace,g0,g1,g2
AAC::Main,AAC,AAC,Audio
AFCP::Main,AFCP,AFCP,Other
AIFF::Comment,AIFF,AIFF,Audio
AIFF::Common,AIFF,AIFF,Audio
AIFF::FormatVers,AIFF,AIFF,Other
AIFF::Main,AIFF,AIFF,Audio
APE::Main,APE,APE,Audio
APE::NewHeader,APE,MAC,Audio
APE::OldHeader,APE,MAC,Audio
APP12::Ducky,Ducky,Ducky,Image
APP12::PictureInfo,APP12,PictureInfo,Image
ASF::CodecList,ASF,ASF,Other
ASF::ContentBranding,ASF,ASF,Author
ASF::ContentDescr,ASF,ASF,Video
ASF::ExtendedDescr,ASF,ASF,Video
ASF::FileProperties,ASF,ASF,Video
ASF::Header,ASF,ASF,Other
ASF::HeaderExtension,ASF,ASF,Other
ASF::Main,ASF,ASF,Other
ASF::Picture,ASF,ASF,Image
ASF::StreamProperties,ASF,ASF,Video
Apple::Main,MakerNotes,Apple,Image
Apple::RunTime,MakerNotes,Apple,Image
Audible::Main,Audible,Audible,Audio
Audible::cvrx,QuickTime,Audible,Audio
Audible::meta,QuickTime,Audible,Audio
Audible::tseg,QuickTime,Audible,Audio
BMP::Extra,File,File,Image
BMP::Main,File,File,Image
BMP::OS2,File,File,Image
BPG::Extensions,File,File,Image
BPG::Main,File,File,Image
CBOR::Main,JUMBF,CBOR,Other
Canon::AFConfig,MakerNotes,Canon,Camera
Canon::AFInfo,MakerNotes,Canon,Camera
Canon::AFInfo2,MakerNotes,Canon,Camera
Canon::AFMicroAdj,MakerNotes,Canon,Camera
Canon::Ambience,MakerNotes,Canon,Camera
Canon::AspectInfo,MakerNotes,Canon,Camera
Canon::CMP1,MakerNotes,Canon,Image
Canon::CNTH,MakerNotes,Canon,Video
Canon::CTMD,MakerNotes,Canon,Image
Canon::CameraInfo1000D,MakerNotes,Canon,Camera
Canon::CameraInfo1D,MakerNotes,Canon,Camera
Canon::CameraInfo1DX,MakerNotes,Canon,Camera
Canon::CameraInfo1DmkII,MakerNotes,Canon,Camera
Canon::CameraInfo1DmkIII,MakerNotes,Canon,Camera
Canon::CameraInfo1DmkIIN,MakerNotes,Canon,Camera
Canon::CameraInfo1DmkIV,MakerNotes,Canon,Camera
Canon::CameraInfo40D,MakerNotes,Canon,Camera
Canon::CameraInfo450D,MakerNotes,Canon,Camera
Canon::CameraInfo500D,MakerNotes,Canon,Camera
Canon::CameraInfo50D,MakerNotes,Canon,Camera
Canon::CameraInfo550D,MakerNotes,Canon,Camera
Canon::CameraInfo5D,MakerNotes,Canon,Camera
Canon::CameraInfo5DmkII,MakerNotes,Canon,Camera
Canon::CameraInfo5DmkIII,MakerNotes,Canon,Camera
Canon::CameraInfo600D,MakerNotes,Canon,Camera
Canon::CameraInfo60D,MakerNotes,Canon,Camera
Canon::CameraInfo650D,MakerNotes,Canon,Camera
Canon::CameraInfo6D,MakerNotes,Canon,Camera
Canon::CameraInfo70D,MakerNotes,Canon,Camera
Canon::CameraInfo750D,MakerNotes,Canon,Camera
Canon::CameraInfo7D,MakerNotes,Canon,Camera
Canon::CameraInfo80D,MakerNotes,Canon,Camera
Canon::CameraInfoG5XII,MakerNotes,Canon,Camera
Canon::CameraInfoPowerShot,MakerNotes,Canon,Camera
Canon::CameraInfoPowerShot2,MakerNotes,Canon,Camera
Canon::CameraInfoR6,MakerNotes,Canon,Camera
Canon::CameraInfoR6m2,MakerNotes,Canon,Camera
Canon::CameraInfoUnknown,MakerNotes,Canon,Camera
Canon::CameraInfoUnknown32,MakerNotes,Canon,Camera
Canon::CameraSettings,MakerNotes,Canon,Camera
Canon::ColorBalance,MakerNotes,Canon,Camera
Canon::ColorCalib,MakerNotes,Canon,Camera
Canon::ColorCalib2,MakerNotes,Canon,Camera
Canon::ColorCoefs,MakerNotes,Canon,Camera
Canon::ColorCoefs2,MakerNotes,Canon,Camera
Canon::ColorData1,MakerNotes,Canon,Camera
Canon::ColorData10,MakerNotes,Canon,Camera
Canon::ColorData11,MakerNotes,Canon,Camera
Canon::ColorData12,MakerNotes,Canon,Camera
Canon::ColorData2,MakerNotes,Canon,Camera
Canon::ColorData3,MakerNotes,Canon,Camera
Canon::ColorData4,MakerNotes,Canon,Camera
Canon::ColorData5,MakerNotes,Canon,Camera
Canon::ColorData6,MakerNotes,Canon,Camera
Canon::ColorData7,MakerNotes,Canon,Camera
Canon::ColorData8,MakerNotes,Canon,Camera
Canon::ColorData9,MakerNotes,Canon,Camera
Canon::ColorDataUnknown,MakerNotes,Canon,Camera
Canon::ColorInfo,MakerNotes,Canon,Camera
Canon::ContrastInfo,MakerNotes,Canon,Camera
Canon::CropInfo,MakerNotes,Canon,Camera
Canon::ExposureInfo,MakerNotes,Canon,Image
Canon::FaceDetect1,MakerNotes,Canon,Image
Canon::FaceDetect2,MakerNotes,Canon,Image
Canon::FaceDetect3,MakerNotes,Canon,Image
Canon::FileInfo,MakerNotes,Canon,Image
Canon::FilterInfo,MakerNotes,Canon,Camera
Canon::Flags,MakerNotes,Canon,Camera
Canon::FocalInfo,MakerNotes,Canon,Image
Canon::FocalLength,MakerNotes,Canon,Image
Canon::HDRInfo,MakerNotes,Canon,Image
Canon::LensInfo,MakerNotes,Canon,Camera
Canon::LevelInfo,MakerNotes,Canon,Camera
Canon::LightingOpt,MakerNotes,Canon,Camera
Canon::LogInfo,Canon,Canon,Other
Canon::Main,MakerNotes,Canon,Camera
Canon::MeasuredColor,MakerNotes,Canon,Camera
Canon::ModifiedInfo,MakerNotes,Canon,Camera
Canon::MovieInfo,MakerNotes,Canon,Video
Canon::MultiExp,MakerNotes,Canon,Image
Canon::MyColors,MakerNotes,Canon,Image
Canon::PSInfo,MakerNotes,Canon,Camera
Canon::PSInfo2,MakerNotes,Canon,Camera
Canon::Panorama,MakerNotes,Canon,Image
Canon::PreviewImageInfo,MakerNotes,Canon,Image
Canon::Processing,MakerNotes,Canon,Image
Canon::RawBurstInfo,MakerNotes,Canon,Camera
Canon::SensorInfo,MakerNotes,Canon,Image
Canon::SerialInfo,MakerNotes,Canon,Camera
Canon::ShotInfo,MakerNotes,Canon,Image
Canon::Skip,MakerNotes,Canon,Video
Canon::TimeInfo,MakerNotes,Canon,Time
Canon::VignettingCorr,MakerNotes,Canon,Camera
Canon::VignettingCorr2,MakerNotes,Canon,Camera
Canon::VignettingCorrUnknown,MakerNotes,Canon,Camera
Canon::WBInfo,MakerNotes,Canon,Image
Canon::uuid,MakerNotes,Canon,Video
CanonCustom::Functions10D,MakerNotes,CanonCustom,Camera
CanonCustom::Functions1D,MakerNotes,CanonCustom,Camera
CanonCustom::Functions2,MakerNotes,CanonCustom,Camera
CanonCustom::Functions20D,MakerNotes,CanonCustom,Camera
CanonCustom::Functions30D,MakerNotes,CanonCustom,Camera
CanonCustom::Functions350D,MakerNotes,CanonCustom,Camera
CanonCustom::Functions400D,MakerNotes,CanonCustom,Camera
CanonCustom::Functions5D,MakerNotes,CanonCustom,Camera
CanonCustom::FunctionsD30,MakerNotes,CanonCustom,Camera
CanonCustom::PersonalFuncValues,MakerNotes,CanonCustom,Camera
CanonCustom::PersonalFuncs,MakerNotes,CanonCustom,Camera
CanonRaw::DecoderTable,MakerNotes,CanonRaw,Camera
CanonRaw::ExposureInfo,MakerNotes,CanonRaw,Image
CanonRaw::FlashInfo,MakerNotes,CanonRaw,Image
CanonRaw::ImageFormat,MakerNotes,CanonRaw,Image
CanonRaw::ImageInfo,MakerNotes,CanonRaw,Image
CanonRaw::Main,MakerNotes,CanonRaw,Camera
CanonRaw::MakeModel,MakerNotes,CanonRaw,Camera
CanonRaw::RawJpgInfo,MakerNotes,CanonRaw,Image
CanonRaw::TimeStamp,MakerNotes,CanonRaw,Time
CanonRaw::WhiteSample,MakerNotes,CanonRaw,Camera
CanonVRD::CropInfo,CanonVRD,CanonDR4,Image
CanonVRD::DLOInfo,CanonVRD,CanonVRD,Image
CanonVRD::DR4,CanonVRD,CanonDR4,Image
CanonVRD::DR4Header,CanonVRD,CanonDR4,Image
CanonVRD::DustInfo,CanonVRD,CanonDR4,Image
CanonVRD::GammaInfo,CanonVRD,CanonDR4,Image
CanonVRD::IHL,CanonVRD,CanonVRD,Image
CanonVRD::Main,CanonVRD,CanonVRD,Other
CanonVRD::StampInfo,CanonVRD,CanonDR4,Image
CanonVRD::StampTool,CanonVRD,CanonVRD,Image
CanonVRD::ToneCurve,CanonVRD,CanonDR4,Image
CanonVRD::Ver1,CanonVRD,CanonVRD,Image
CanonVRD::Ver2,CanonVRD,CanonVRD,Image
Casio::AVI,MakerNotes,Casio,Camera
Casio::FaceInfo1,MakerNotes,Casio,Image
Casio::FaceInfo2,MakerNotes,Casio,Image
Casio::Main,MakerNotes,Casio,Camera
Casio::QVCI,MakerNotes,Casio,Camera
Casio::Type2,MakerNotes,Casio,Camera
Composite,Composite,Composite,Other
DICOM::Main,DICOM,DICOM,Image
DJI::Info,MakerNotes,DJI,Camera
DJI::Main,MakerNotes,DJI,Camera
DJI::Protobuf,Protobuf,DJI,Location
DJI::ThermalParams,APP4,DJI,Image
DJI::ThermalParams2,APP4,DJI,Image
DJI::ThermalParams3,APP4,DJI,Image
DJI::XMP,XMP,XMP-drone-dji,Location
DNG::AdobeData,MakerNotes,AdobeDNG,Image
DNG::ImageSeq,DNG,DNG,Other
DNG::OriginalRaw,DNG,DNG,Image
DNG::ProfileDynamicRange,DNG,DNG,Other
DPX::Main,File,File,Image
DV::Main,DV,DV,Video
DarwinCore::Main,XMP,XMP-dwc,Other
DjVu::Form,DjVu,DjVu,Image
DjVu::Info,DjVu,DjVu,Image
DjVu::Main,DjVu,DjVu,Image
DjVu::Meta,DjVu,DjVu-Meta,Image
EXE::AR,EXE,EXE,Other
EXE::CHM,EXE,EXE,Other
EXE::ELF,EXE,EXE,Other
EXE::MachO,EXE,EXE,Other
EXE::Main,EXE,EXE,Other
EXE::PEF,EXE,EXE,Other
EXE::PEString,EXE,EXE,Other
EXE::PEVersion,EXE,EXE,Other
Exif::Main,EXIF,IFD0,Image
Extra,File,File,Image
FITS::Main,FITS,FITS,Image
FLAC::Main,FLAC,FLAC,Other
FLAC::Picture,FLAC,FLAC,Image
FLAC::StreamInfo,FLAC,FLAC,Audio
FLIF::Main,File,File,Image
FLIR::AFF1,FLIR,FLIR,Camera
FLIR::AFF5,FLIR,FLIR,Camera
FLIR::CameraInfo,APP1,FLIR,Camera
FLIR::CoarseData,APP1,FLIR,Image
FLIR::EmbeddedImage,APP1,FLIR,Image
FLIR::FFF,APP1,FLIR,Image
FLIR::FPF,FLIR,FLIR,Image
FLIR::GPSInfo,APP1,FLIR,Location
FLIR::GPS_UUID,MakerNotes,FLIR,Location
FLIR::GainDeadData,APP1,FLIR,Image
FLIR::Header,APP1,FLIR,Image
FLIR::Main,MakerNotes,FLIR,Camera
FLIR::MeasInfo,APP1,FLIR,Image
FLIR::MeterLink,APP1,FLIR,Image
FLIR::MoreInfo,MakerNotes,FLIR,Camera
FLIR::PaintData,APP1,FLIR,Image
FLIR::PaletteInfo,APP1,FLIR,Image
FLIR::ParamInfo,APP1,FLIR,Image
FLIR::Params,MakerNotes,FLIR,Camera
FLIR::Parts,MakerNotes,FLIR,Camera
FLIR::PiP,APP1,FLIR,Image
FLIR::RawData,APP1,FLIR,Image
FLIR::SerialNums,MakerNotes,FLIR,Camera
FLIR::TextInfo,APP1,FLIR,Image
FLIR::UserData,FLIR,FLIR,Camera
Flash::Audio,Flash,Flash,Audio
Flash::CuePoint,Flash,Flash,Video
Flash::Main,Flash,Flash,Video
Flash::Meta,Flash,Flash,Video
Flash::Video,Flash,Flash,Video
FlashPix::CompObj,FlashPix,FlashPix,Other
FlashPix::DOP,FlashPix,MS-DOC,Document
FlashPix::DataObject,FlashPix,FlashPix,Other
FlashPix::DocTable,FlashPix,MS-DOC,Document
FlashPix::DocumentInfo,FlashPix,FlashPix,Document
FlashPix::Extensions,FlashPix,FlashPix,Other
FlashPix::GlobalInfo,FlashPix,FlashPix,Other
FlashPix::Image,FlashPix,FlashPix,Image
FlashPix::ImageInfo,FlashPix,FlashPix,Image
FlashPix::Main,FlashPix,FlashPix,Image
FlashPix::Operation,FlashPix,FlashPix,Other
FlashPix::PreviewInfo,FlashPix,FlashPix,Image
FlashPix::SubimageHdr,FlashPix,FlashPix,Other
FlashPix::SummaryInfo,FlashPix,FlashPix,Document
FlashPix::Transform,FlashPix,FlashPix,Other
FlashPix::WordDocument,FlashPix,FlashPix,Other
Font::AFM,Font,Font,Document
Font::Main,Font,Font,Document
Font::Name,Font,Font,Document
Font::PFM,Font,Font,Document
Font::PSInfo,Font,Font,Document
FotoStation::Main,FotoStation,FotoStation,Image
FotoStation::SoftEdit,FotoStation,FotoStation,Image
FujiFilm::AFCSettings,MakerNotes,FujiFilm,Camera
FujiFilm::DriveSettings,MakerNotes,FujiFilm,Camera
FujiFilm::FFMV,MakerNotes,FujiFilm,Camera
FujiFilm::FaceRecInfo,MakerNotes,FujiFilm,Image
FujiFilm::FocusSettings,MakerNotes,FujiFilm,Camera
FujiFilm::IFD,RAF,FujiIFD,Image
FujiFilm::MOV,MakerNotes,FujiFilm,Camera
FujiFilm::MRAW,RAF,M-RAW,Image
FujiFilm::Main,MakerNotes,FujiFilm,Camera
FujiFilm::PrioritySettings,MakerNotes,FujiFilm,Camera
FujiFilm::RAF,RAF,RAF,Image
FujiFilm::RAFData,MakerNotes,FujiFilm,Camera
FujiFilm::RAFHeader,RAF,RAF,Image
GE::Main,MakerNotes,GE,Camera
GIF::Animation,GIF,GIF,Image
GIF::Extensions,GIF,GIF,Image
GIF::MIDIControl,GIF,GIF,Audio
GIF::Main,GIF,GIF,Image
GIF::Screen,GIF,GIF,Image
GIMP::Header,GIMP,GIMP,Image
GIMP::Main,GIMP,GIMP,Image
GIMP::Parasite,GIMP,GIMP,Image
GIMP::Resolution,GIMP,GIMP,Image
GM::marl,GM,GM,Other
GM::mrld,GM,GM,Other
GM::mrlh,GM,GM,Other
GM::mrlv,GM,GM,Other
GPS::Main,EXIF,GPS,Location
GeoTiff::Main,GeoTiff,GeoTiff,Location
GoPro::GLPI,GoPro,GoPro,Location
GoPro::GPMF,GoPro,GoPro,Camera
GoPro::GPRI,GoPro,GoPro,Location
GoPro::GPS5,GoPro,GoPro,Location
GoPro::GPS9,GoPro,GoPro,Location
GoPro::KBAT,GoPro,GoPro,Camera
GoPro::fdsc,GoPro,GoPro,Camera
H264::Camera1,H264,H264,Camera
H264::Camera2,H264,H264,Camera
H264::FrameInfo,H264,H264,Video
H264::MDPM,H264,H264,Camera
H264::Main,H264,H264,Video
H264::MakeModel,H264,H264,Camera
H264::RecInfo,H264,H264,Camera
H264::Shutter,H264,H264,Image
HP::TDHD,MakerNotes,HP,Camera
HP::Type2,MakerNotes,HP,Camera
HP::Type4,MakerNotes,HP,Camera
HP::Type6,MakerNotes,HP,Camera
HTML::Main,HTML,HTML,Document
HTML::Office,HTML,HTML-office,Document
HTML::dc,HTML,HTML-dc,Document
HTML::equiv,HTML,HTTP-equiv,Document
HTML::ncc,HTML,HTML-ncc,Document
HTML::prod,HTML,HTML-prod,Document
HTML::vw96,HTML,HTML-vw96,Document
ICC_Profile::Chromaticity,ICC_Profile,ICC-chrm,Image
ICC_Profile::ColorRep,ICC_Profile,ICC-cicp,Image
ICC_Profile::ColorantTable,ICC_Profile,ICC-clrt,Image
ICC_Profile::Header,ICC_Profile,ICC-header,Image
ICC_Profile::Main,ICC_Profile,ICC_Profile,Image
ICC_Profile::Measurement,ICC_Profile,ICC-meas,Image
ICC_Profile::Metadata,ICC_Profile,ICC-meta,Image
ICC_Profile::ViewingConditions,ICC_Profile,ICC-view,Image
ICO::IconDir,File,File,Image
ICO::Main,File,File,Image
ID3::GEOB,ID3,ID3v2_3,Other
ID3::Lyrics3,ID3,Lyrics3,Audio
ID3::Private,ID3,ID3,Audio
ID3::SynLyrics,ID3,ID3,Audio
ID3::v1,ID3,ID3v1,Audio
ID3::v1_Enh,ID3,ID3v1_Enh,Audio
ID3::v2_2,ID3,ID3v2_2,Audio
ID3::v2_3,ID3,ID3v2_3,Audio
ID3::v2_4,ID3,ID3v2_4,Audio
IPTC::ApplicationRecord,IPTC,IPTC,Other
IPTC::EnvelopeRecord,IPTC,IPTC,Other
IPTC::NewsPhoto,IPTC,IPTC,Image
IPTC::ObjectData,IPTC,IPTC,Other
IPTC::PostObjectData,IPTC,IPTC,Other
IPTC::PreObjectData,IPTC,IPTC,Other
ISO::BootRecord,ISO,ISO,Other
ISO::PrimaryVolume,ISO,ISO,Other
ITC::Header,ITC,ITC,Image
ITC::Item,ITC,ITC,Image
ITC::Main,ITC,ITC,Other
InfiRay::Factory,APP4,InfiRay,Image
InfiRay::Isothermal,APP8,InfiRay,Image
InfiRay::MixMode,APP6,InfiRay,Image
InfiRay::OpMode,APP7,InfiRay,Image
InfiRay::Picture,APP5,InfiRay,Image
InfiRay::Sensor,APP9,InfiRay,Image
InfiRay::Version,APP2,InfiRay,Image
JFIF::Extension,JFIF,JFXX,Image
JFIF::Main,JFIF,JFIF,Image
JPEG::AVI1,APP0,AVI1,Image
JPEG::Adobe,APP14,Adobe,Image
JPEG::AdobeCM,APP13,AdobeCM,Image
JPEG::EPPIM,APP6,EPPIM,Image
JPEG::GraphConv,APP15,GraphConv,Image
JPEG::HDR,APP11,JPEG-HDR,Image
JPEG::JPS,APP3,JPS,Image
JPEG::Main,JPEG,JPEG,Other
JPEG::MediaJukebox,XML,MediaJukebox,Image
JPEG::NITF,APP6,NITF,Image
JPEG::Ocad,APP0,Ocad,Image
JPEG::SOF,File,File,Image
JPEG::SPIFF,APP8,SPIFF,Image
JSON::Main,JSON,JSON,Other
JVC::Main,MakerNotes,JVC,Camera
JVC::Text,MakerNotes,JVC,Camera
Jpeg2000::CaptureResolution,Jpeg2000,Jpeg2000,Image
Jpeg2000::ColorSpec,Jpeg2000,Jpeg2000,Image
Jpeg2000::DisplayResolution,Jpeg2000,Jpeg2000,Image
Jpeg2000::FileType,Jpeg2000,Jpeg2000,Video
Jpeg2000::ImageHeader,Jpeg2000,Jpeg2000,Image
Jpeg2000::JUMD,JUMBF,JUMBF,Image
Jpeg2000::Main,Jpeg2000,Jpeg2000,Image
Kodak::Borders,Meta,KodakBordersIFD,Image
Kodak::CameraInfo,MakerNotes,Kodak,Camera
Kodak::DcMD,MakerNotes,Kodak,Video
Kodak::Free,MakerNotes,Kodak,Video
Kodak::IFD,MakerNotes,KodakIFD,Image
Kodak::KDC_IFD,MakerNotes,KDC_IFD,Image
Kodak::MOV,MakerNotes,Kodak,Camera
Kodak::Main,MakerNotes,Kodak,Camera
Kodak::Meta,Meta,MetaIFD,Image
Kodak::Processing,MakerNotes,Kodak,Camera
Kodak::Scrn,MakerNotes,Kodak,Image
Kodak::SpecialEffects,Meta,KodakEffectsIFD,Image
Kodak::SubIFD0,MakerNotes,Kodak,Camera
Kodak::SubIFD1,MakerNotes,Kodak,Camera
Kodak::SubIFD2,MakerNotes,Kodak,Camera
Kodak::SubIFD3,MakerNotes,Kodak,Camera
Kodak::SubIFD5,MakerNotes,Kodak,Camera
Kodak::TextualInfo,MakerNotes,Kodak,Image
Kodak::Type10,MakerNotes,Kodak,Camera
Kodak::Type11,MakerNotes,Kodak,Camera
Kodak::Type2,MakerNotes,Kodak,Camera
Kodak::Type3,MakerNotes,Kodak,Camera
Kodak::Type4,MakerNotes,Kodak,Camera
Kodak::Type5,MakerNotes,Kodak,Camera
Kodak::Type6,MakerNotes,Kodak,Camera
Kodak::Type7,MakerNotes,Kodak,Camera
Kodak::Type9,MakerNotes,Kodak,Camera
Kodak::frea,MakerNotes,Kodak,Image
Kodak::pose,MakerNotes,Kodak,Video
KyoceraRaw::Main,MakerNotes,KyoceraRaw,Camera
LIF::Main,XML,XML,Image
LNK::ConsoleData,LNK,LNK,Other
LNK::ConsoleFEData,LNK,LNK,Other
LNK::Item0032,LNK,LNK,Other
LNK::LinkInfo,LNK,LNK,Other
LNK::Main,LNK,LNK,Other
LNK::TrackerData,LNK,LNK,Other
Leaf::CameraProfile,Leaf,Leaf,Camera
Leaf::CameraSetup,Leaf,Leaf,Camera
Leaf::CaptureProfile,Leaf,Leaf,Image
Leaf::CaptureSetup,Leaf,Leaf,Image
Leaf::ColorSetup,Leaf,Leaf,Image
Leaf::ImageProfile,Leaf,Leaf,Image
Leaf::LookHeader,Leaf,Leaf,Other
Leaf::Main,Leaf,Leaf,Camera
Leaf::Neutrals,Leaf,Leaf,Image
Leaf::SaveSetup,Leaf,Leaf,Other
Leaf::Selection,Leaf,Leaf,Image
Leaf::Sharpness,Leaf,Leaf,Image
Leaf::ShootSetup,Leaf,Leaf,Image
Leaf::ToneCurve,Leaf,Leaf,Image
Lytro::Main,Lytro,Lytro,Camera
M2TS::AC3,M2TS,AC3,Audio
M2TS::Main,M2TS,M2TS,Video
MIE::Audio,MIE,MIE-Audio,Audio
MIE::Camera,MIE,MIE-Camera,Camera
MIE::Doc,MIE,MIE-Doc,Document
MIE::Extender,MIE,MIE-Extender,Camera
MIE::Flash,MIE,MIE-Flash,Camera
MIE::GPS,MIE,MIE-GPS,Location
MIE::Geo,MIE,MIE-Geo,Location
MIE::Image,MIE,MIE-Image,Image
MIE::Lens,MIE,MIE-Lens,Camera
MIE::Main,MIE,MIE-Main,Other
MIE::Orient,MIE,MIE-Orient,Camera
MIE::Preview,MIE,MIE-Preview,Image
MIE::Thumbnail,MIE,MIE-Thumbnail,Image
MIE::UTM,MIE,MIE-UTM,Location
MIE::Video,MIE,MIE-Video,Video
MIFF::Main,MIFF,MIFF,Image
MISB::ChurchillNav,MISB,MISB,Other
MISB::Security,MISB,MISB,Document
MISB::UASDatalink,MISB,MISB,Location
MNG::Background,MNG,MNG,Image
MNG::BasisObject,MNG,MNG,Image
MNG::ClipObjects,MNG,MNG,Image
MNG::CloneObject,MNG,MNG,Image
MNG::DefineObject,MNG,MNG,Image
MNG::DeltaPNGHeader,MNG,MNG,Image
MNG::ExportImage,MNG,MNG,Image
MNG::FramePriority,MNG,MNG,Image
MNG::JNGHeader,MNG,MNG,Image
MNG::Loop,MNG,MNG,Image
MNG::MNGHeader,MNG,MNG,Image
MNG::MagnifyObject,MNG,MNG,Image
MNG::Main,MNG,MNG,Image
MNG::MoveObjects,MNG,MNG,Image
MNG::PasteImage,MNG,MNG,Image
MNG::PromoteParent,MNG,MNG,Image
MNG::ShowObjects,MNG,MNG,Image
MNG::TerminationAction,MNG,MNG,Image
MOI::Main,MOI,MOI,Video
MPC::Main,MPC,MPC,Audio
MPEG::Audio,MPEG,MPEG,Audio
MPEG::Lame,MPEG,MPEG,Audio
MPEG::Video,MPEG,MPEG,Video
MPEG::Xing,MPEG,MPEG,Audio
MPF::MPImage,MPF,MPImage,Image
MPF::Main,MPF,MPF0,Image
MRC::FEI12,File,File,Image
MRC::Main,File,File,Image
MWG::Collections,XMP,XMP-mwg-coll,Image
MWG::Keywords,XMP,XMP-mwg-kw,Image
MWG::Regions,XMP,XMP-mwg-rs,Image
MXF::Header,MXF,MXF,Video
MXF::Main,MXF,MXF,Video
MacOS::MDItem,File,MacOS,Other
MacOS::XAttr,File,MacOS,Other
Matroska::Main,Matroska,Matroska,Video
Matroska::Projection,Matroska,Matroska,Video
Matroska::StdTag,Matroska,Matroska,Video
Microsoft::MP,XMP,XMP-MP,Image
Microsoft::MP1,XMP,XMP-MP1,Image
Microsoft::Stitch,MakerNotes,Microsoft,Image
Microsoft::XMP,XMP,XMP-microsoft,Image
Microsoft::Xtra,QuickTime,Microsoft,Video
Minolta::CameraInfoA100,MakerNotes,Minolta,Camera
Minolta::CameraSettings,MakerNotes,Minolta,Camera
Minolta::CameraSettings5D,MakerNotes,Minolta,Camera
Minolta::CameraSettings7D,MakerNotes,Minolta,Camera
Minolta::CameraSettingsA100,MakerNotes,Minolta,Camera
Minolta::ISInfoA100,MakerNotes,Minolta,Camera
Minolta::MMA,MakerNotes,Minolta,Camera
Minolta::MOV1,MakerNotes,Minolta,Camera
Minolta::MOV2,MakerNotes,Minolta,Camera
Minolta::Main,MakerNotes,Minolta,Camera
Minolta::WBInfoA100,MakerNotes,Minolta,Camera
MinoltaRaw::PRD,MakerNotes,MinoltaRaw,Camera
MinoltaRaw::RIF,MakerNotes,MinoltaRaw,Image
MinoltaRaw::WBG,MakerNotes,MinoltaRaw,Camera
Motorola::Main,MakerNotes,Motorola,Camera
Nikon::AFInfo,MakerNotes,Nikon,Camera
Nikon::AFInfo2,MakerNotes,Nikon,Camera
Nikon::AFInfo2V0400,MakerNotes,Nikon,Camera
Nikon::AFTune,MakerNotes,Nikon,Camera
Nikon::AVI,MakerNotes,Nikon,Video
Nikon::AVITags,MakerNotes,Nikon,Camera
Nikon::AVIVers,MakerNotes,Nikon,Video
Nikon::AutoCaptureInfo,MakerNotes,Nikon,Camera
Nikon::BarometerInfo,MakerNotes,Nikon,Location
Nikon::BracketingInfoD500,MakerNotes,Nikon,Camera
Nikon::BracketingInfoD810,MakerNotes,Nikon,Camera
Nikon::CaptureOffsets,MakerNotes,Nikon,Camera
Nikon::CaptureOutput,MakerNotes,Nikon,Image
Nikon::ColorBalance1,MakerNotes,Nikon,Camera
Nikon::ColorBalance2,MakerNotes,Nikon,Camera
Nikon::ColorBalance3,MakerNotes,Nikon,Camera
Nikon::ColorBalance4,MakerNotes,Nikon,Camera
Nikon::ColorBalanceA,MakerNotes,Nikon,Camera
Nikon::ColorBalanceB,MakerNotes,Nikon,Camera
Nikon::ColorBalanceC,MakerNotes,Nikon,Camera
Nikon::ColorBalanceUnknown,MakerNotes,Nikon,Camera
Nikon::ColorBalanceUnknown2,MakerNotes,Nikon,Camera
Nikon::DistortInfo,MakerNotes,Nikon,Camera
Nikon::DistortionInfo,MakerNotes,Nikon,Camera
Nikon::FaceDetect,MakerNotes,Nikon,Image
Nikon::FileInfo,MakerNotes,Nikon,Image
Nikon::FlashInfo0100,MakerNotes,Nikon,Camera
Nikon::FlashInfo0102,MakerNotes,Nikon,Camera
Nikon::FlashInfo0103,MakerNotes,Nikon,Camera
Nikon::FlashInfo0106,MakerNotes,Nikon,Camera
Nikon::FlashInfo0107,MakerNotes,Nikon,Camera
Nikon::FlashInfo0300,MakerNotes,Nikon,Camera
Nikon::FlashInfoUnknown,MakerNotes,Nikon,Camera
Nikon::GEM,MakerNotes,NikonScan,Image
Nikon::HDRInfo,MakerNotes,Nikon,Image
Nikon::HDRInfo2,MakerNotes,Nikon,Image
Nikon::ISOAutoInfoD810,MakerNotes,Nikon,Camera
Nikon::ISOInfo,MakerNotes,Nikon,Camera
Nikon::IntervalInfoD6,MakerNotes,Nikon,Camera
Nikon::IntervalInfoZ7II,MakerNotes,Nikon,Camera
Nikon::JPGInfoD500,MakerNotes,Nikon,Camera
Nikon::LensData00,MakerNotes,Nikon,Camera
Nikon::LensData01,MakerNotes,Nikon,Camera
Nikon::LensData0204,MakerNotes,Nikon,Camera
Nikon::LensData0400,MakerNotes,Nikon,Camera
Nikon::LensData0402,MakerNotes,Nikon,Camera
Nikon::LensData0403,MakerNotes,Nikon,Camera
Nikon::LensData0800,MakerNotes,Nikon,Camera
Nikon::LensDataUnknown,MakerNotes,Nikon,Camera
Nikon::LocationInfo,MakerNotes,Nikon,Location
Nikon::MOV,MakerNotes,Nikon,Camera
Nikon::Main,MakerNotes,Nikon,Camera
Nikon::MakerNotes0x51,MakerNotes,Nikon,Other
Nikon::MakerNotes0x56,MakerNotes,Nikon,Other
Nikon::MenuSettingsD850,MakerNotes,Nikon,Camera
Nikon::MenuSettingsZ6III,MakerNotes,Nikon,Camera
Nikon::MenuSettingsZ7II,MakerNotes,Nikon,Camera
Nikon::MenuSettingsZ8,MakerNotes,Nikon,Camera
Nikon::MenuSettingsZ8v2,MakerNotes,Nikon,Camera
Nikon::MenuSettingsZ9,MakerNotes,Nikon,Camera
Nikon::MenuSettingsZ9v3,MakerNotes,Nikon,Camera
Nikon::MenuSettingsZ9v4,MakerNotes,Nikon,Camera
Nikon::MoreSettingsD850,MakerNotes,Nikon,Camera
Nikon::MultiExposure,MakerNotes,Nikon,Camera
Nikon::MultiExposure2,MakerNotes,Nikon,Camera
Nikon::NCDT,MakerNotes,Nikon,Video
Nikon::NCTG,MakerNotes,Nikon,Camera
Nikon::NineEdits,XML,NineEdits,Image
Nikon::Offset13InfoZ9,MakerNotes,Nikon,Camera
Nikon::OrientationInfo,MakerNotes,Nikon,Camera
Nikon::OtherInfoD500,MakerNotes,Nikon,Camera
Nikon::PictureControl,MakerNotes,Nikon,Camera
Nikon::PictureControl2,MakerNotes,Nikon,Camera
Nikon::PictureControl3,MakerNotes,Nikon,Camera
Nikon::PictureControlUnknown,MakerNotes,Nikon,Camera
Nikon::PortraitInfoZ7II,MakerNotes,Nikon,Camera
Nikon::PreviewIFD,MakerNotes,PreviewIFD,Image
Nikon::ROC,MakerNotes,NikonScan,Image
Nikon::RetouchInfo,MakerNotes,Nikon,Camera
Nikon::RotationInfoD500,MakerNotes,Nikon,Camera
Nikon::Scan,MakerNotes,NikonScan,Image
Nikon::SeqInfoD6,MakerNotes,Nikon,Camera
Nikon::SeqInfoZ9,MakerNotes,Nikon,Camera
Nikon::SettingsInfoD810,MakerNotes,Nikon,Camera
Nikon::ShootingMenuD500,MakerNotes,Nikon,Camera
Nikon::ShotInfo,MakerNotes,Nikon,Camera
Nikon::ShotInfoD300S,MakerNotes,Nikon,Camera
Nikon::ShotInfoD300a,MakerNotes,Nikon,Camera
Nikon::ShotInfoD300b,MakerNotes,Nikon,Camera
Nikon::ShotInfoD3S,MakerNotes,Nikon,Camera
Nikon::ShotInfoD3X,MakerNotes,Nikon,Camera
Nikon::ShotInfoD3a,MakerNotes,Nikon,Camera
Nikon::ShotInfoD3b,MakerNotes,Nikon,Camera
Nikon::ShotInfoD4,MakerNotes,Nikon,Camera
Nikon::ShotInfoD40,MakerNotes,Nikon,Camera
Nikon::ShotInfoD4S,MakerNotes,Nikon,Camera
Nikon::ShotInfoD500,MakerNotes,Nikon,Camera
Nikon::ShotInfoD5000,MakerNotes,Nikon,Camera
Nikon::ShotInfoD5100,MakerNotes,Nikon,Camera
Nikon::ShotInfoD5200,MakerNotes,Nikon,Camera
Nikon::ShotInfoD6,MakerNotes,Nikon,Camera
Nikon::ShotInfoD610,MakerNotes,Nikon,Camera
Nikon::ShotInfoD700,MakerNotes,Nikon,Camera
Nikon::ShotInfoD7000,MakerNotes,Nikon,Camera
Nikon::ShotInfoD7500,MakerNotes,Nikon,Camera
Nikon::ShotInfoD780,MakerNotes,Nikon,Camera
Nikon::ShotInfoD80,MakerNotes,Nikon,Camera
Nikon::ShotInfoD800,MakerNotes,Nikon,Camera
Nikon::ShotInfoD810,MakerNotes,Nikon,Camera
Nikon::ShotInfoD850,MakerNotes,Nikon,Camera
Nikon::ShotInfoD90,MakerNotes,Nikon,Camera
Nikon::ShotInfoZ6III,MakerNotes,Nikon,Camera
Nikon::ShotInfoZ7II,MakerNotes,Nikon,Camera
Nikon::ShotInfoZ8,MakerNotes,Nikon,Camera
Nikon::ShotInfoZ9,MakerNotes,Nikon,Camera
Nikon::Type2,MakerNotes,Nikon,Camera
Nikon::UnknownInfo,MakerNotes,Nikon,Camera
Nikon::UnknownInfo2,MakerNotes,Nikon,Camera
Nikon::VRInfo,MakerNotes,Nikon,Camera
Nikon::VignetteInfo,MakerNotes,Nikon,Camera
Nikon::WorldTime,MakerNotes,Nikon,Time
Nikon::ast,XMP,XMP-ast,Image
Nikon::nine,XMP,XMP-nine,Image
Nikon::sdc,XMP,XMP-sdc,Image
NikonCapture::Brightness,MakerNotes,NikonCapture,Image
NikonCapture::ColorBoost,MakerNotes,NikonCapture,Image
NikonCapture::CropData,MakerNotes,NikonCapture,Image
NikonCapture::DLightingHQ,MakerNotes,NikonCapture,Image
NikonCapture::DLightingHS,MakerNotes,NikonCapture,Image
NikonCapture::Exposure,MakerNotes,NikonCapture,Image
NikonCapture::HighlightData,MakerNotes,NikonCapture,Image
NikonCapture::Main,MakerNotes,NikonCapture,Image
NikonCapture::NoiseReduction,MakerNotes,NikonCapture,Image
NikonCapture::PhotoEffects,MakerNotes,NikonCapture,Image
NikonCapture::PictureCtrl,MakerNotes,NikonCapture,Image
NikonCapture::RedEyeData,MakerNotes,NikonCapture,Image
NikonCapture::UnsharpData,MakerNotes,NikonCapture,Image
NikonCapture::WBAdjData,MakerNotes,NikonCapture,Image
NikonCustom::SettingsD3,MakerNotes,NikonCustom,Camera
NikonCustom::SettingsD4,MakerNotes,NikonCustom,Camera
NikonCustom::SettingsD40,MakerNotes,NikonCustom,Camera
NikonCustom::SettingsD5,MakerNotes,NikonCustom,Camera
NikonCustom::SettingsD500,MakerNotes,NikonCustom,Camera
NikonCustom::SettingsD5000,MakerNotes,NikonCustom,Camera
NikonCustom::SettingsD5100,MakerNotes,NikonCustom,Camera
NikonCustom::SettingsD5200,MakerNotes,NikonCustom,Camera
NikonCustom::SettingsD610,MakerNotes,NikonCustom,Camera
NikonCustom::SettingsD700,MakerNotes,NikonCustom,Camera
NikonCustom::SettingsD7000,MakerNotes,NikonCustom,Camera
NikonCustom::SettingsD80,MakerNotes,NikonCustom,Camera
NikonCustom::SettingsD800,MakerNotes,NikonCustom,Camera
NikonCustom::SettingsD810,MakerNotes,NikonCustom,Camera
NikonCustom::SettingsD850,MakerNotes,NikonCustom,Camera
NikonCustom::SettingsD90,MakerNotes,NikonCustom,Camera
NikonCustom::SettingsZ6III,MakerNotes,NikonCustom,Camera
NikonCustom::SettingsZ8,MakerNotes,NikonCustom,Camera
NikonCustom::SettingsZ9,MakerNotes,NikonCustom,Camera
NikonCustom::SettingsZ9v4,MakerNotes,NikonCustom,Camera
NikonSettings::Main,MakerNotes,NikonSettings,Camera
Nintendo::CameraInfo,MakerNotes,Nintendo,Image
OOXML::Main,XML,XML,Document
Olympus::AVI,MakerNotes,Olympus,Camera
Olympus::CameraSettings,MakerNotes,Olympus,Camera
Olympus::DSS,MakerNotes,Olympus,Audio
Olympus::Equipment,MakerNotes,Olympus,Camera
Olympus::FETags,MakerNotes,Olympus,Camera
Olympus::FocusInfo,MakerNotes,Olympus,Camera
Olympus::ImageProcessing,MakerNotes,Olympus,Camera
Olympus::MOV1,MakerNotes,Olympus,Camera
Olympus::MOV2,MakerNotes,Olympus,Camera
Olympus::MP4,MakerNotes,Olympus,Camera
Olympus::Main,MakerNotes,Olympus,Camera
Olympus::MovableInfo,MakerNotes,Olympus,Camera
Olympus::OLYM,MakerNotes,Olympus,Camera
Olympus::RawDevelopment,MakerNotes,Olympus,Camera
Olympus::RawDevelopment2,MakerNotes,Olympus,Camera
Olympus::RawInfo,MakerNotes,Olympus,Camera
Olympus::TextInfo,MakerNotes,Olympus,Image
Olympus::Thumbnail,MakerNotes,Olympus,Camera
Olympus::WAV,MakerNotes,Olympus,Audio
Olympus::prms,MakerNotes,Olympus,Camera
Olympus::scrn,MakerNotes,Olympus,Camera
Olympus::thmb,MakerNotes,Olympus,Camera
Olympus::thmb2,MakerNotes,Olympus,Camera
OpenEXR::Main,OpenEXR,OpenEXR,Image
Opus::Header,Opus,Opus,Audio
Other::PFM,File,File,Image
PCX::Main,File,File,Image
PDF::AIPrivate,PDF,PDF,Document
PDF::AcroForm,PDF,PDF,Other
PDF::Encrypt,PDF,PDF,Document
PDF::Im,PDF,PDF,Other
PDF::Info,PDF,PDF,Document
PDF::Main,PDF,PDF,Document
PDF::MarkInfo,PDF,PDF,Document
PDF::Pages,PDF,PDF,Document
PDF::Root,PDF,PDF,Document
PDF::Signature,PDF,PDF,Document
PDF::TransformParams,PDF,PDF,Document
PGF::Main,File,File,Image
PICT::Main,PICT,PICT,Other
PLIST::Main,PLIST,XML,Document
PLUS::XMP,XMP,XMP-plus,Author
PNG::AnimationControl,PNG,PNG,Image
PNG::CICodePoints,PNG,PNG-cICP,Image
PNG::ImageHeader,PNG,PNG,Image
PNG::Main,PNG,PNG,Image
PNG::PhysicalPixel,PNG,PNG-pHYs,Image
PNG::PrimaryChromaticities,PNG,PNG,Image
PNG::StereoImage,PNG,PNG,Image
PNG::SubjectScale,PNG,PNG,Image
PNG::TextualData,PNG,PNG,Image
PNG::VirtualPage,PNG,PNG,Image
PSP::Creator,PSP,PSP,Image
PSP::Image,PSP,PSP,Image
PSP::Main,PSP,PSP,Image
Palm::EXTH,Palm,MOBI,Document
Palm::MOBI,Palm,MOBI,Document
Palm::Main,Palm,Palm,Document
Panasonic::DSA,XMP,XMP-xmpDSA,Image
Panasonic::Data1,MakerNotes,Leica,Camera
Panasonic::FaceDetInfo,MakerNotes,Panasonic,Image
Panasonic::FaceRecInfo,MakerNotes,Panasonic,Image
Panasonic::FocusInfo,MakerNotes,Leica,Camera
Panasonic::Leica2,MakerNotes,Leica,Camera
Panasonic::Leica3,MakerNotes,Leica,Camera
Panasonic::Leica5,MakerNotes,Leica,Camera
Panasonic::Leica6,MakerNotes,Leica,Camera
Panasonic::Leica9,MakerNotes,Leica,Camera
Panasonic::Main,MakerNotes,Panasonic,Camera
Panasonic::PANA,MakerNotes,Panasonic,Image
Panasonic::SerialInfo,MakerNotes,Leica,Camera
Panasonic::ShotInfo,MakerNotes,Leica,Camera
Panasonic::Subdir,MakerNotes,Leica,Camera
Panasonic::TimeInfo,MakerNotes,Panasonic,Image
Panasonic::Type2,MakerNotes,Panasonic,Image
PanasonicRaw::CameraIFD,PanasonicRaw,CameraIFD,Camera
PanasonicRaw::DistortionInfo,PanasonicRaw,PanasonicRaw,Image
PanasonicRaw::Main,EXIF,IFD0,Image
PanasonicRaw::WBInfo,PanasonicRaw,PanasonicRaw,Other
PanasonicRaw::WBInfo2,PanasonicRaw,PanasonicRaw,Other
Parrot::ARCoreAccel,Parrot,Parrot,Location
Parrot::ARCoreGyro,Parrot,Parrot,Location
Parrot::Automation,Parrot,Parrot,Location
Parrot::FollowMe,Parrot,Parrot,Location
Parrot::TimeStamp,Parrot,Parrot,Time
Parrot::V1,Parrot,Parrot,Location
Parrot::V2,Parrot,Parrot,Other
Parrot::V3,Parrot,Parrot,Location
Pentax::AEInfo,MakerNotes,Pentax,Camera
Pentax::AEInfo2,MakerNotes,Pentax,Camera
Pentax::AEInfo3,MakerNotes,Pentax,Camera
Pentax::AFInfo,MakerNotes,Pentax,Camera
Pentax::AFPointInfo,MakerNotes,Pentax,Camera
Pentax::AWBInfo,MakerNotes,Pentax,Camera
Pentax::BatteryInfo,MakerNotes,Pentax,Camera
Pentax::CameraInfo,MakerNotes,Pentax,Camera
Pentax::CameraSettings,MakerNotes,Pentax,Camera
Pentax::ColorInfo,MakerNotes,Pentax,Image
Pentax::EVStepInfo,MakerNotes,Pentax,Camera
Pentax::FaceInfo,MakerNotes,Pentax,Camera
Pentax::FacePos,MakerNotes,Pentax,Image
Pentax::FaceSize,MakerNotes,Pentax,Image
Pentax::FilterInfo,MakerNotes,Pentax,Image
Pentax::FlashInfo,MakerNotes,Pentax,Camera
Pentax::Junk,MakerNotes,Pentax,Camera
Pentax::Junk2,MakerNotes,Pentax,Camera
Pentax::KelvinWB,MakerNotes,Pentax,Camera
Pentax::LensCorr,MakerNotes,Pentax,Image
Pentax::LensData,MakerNotes,Pentax,Camera
Pentax::LensInfo,MakerNotes,Pentax,Camera
Pentax::LensInfo2,MakerNotes,Pentax,Camera
Pentax::LensInfo3,MakerNotes,Pentax,Camera
Pentax::LensInfo4,MakerNotes,Pentax,Camera
Pentax::LensInfo5,MakerNotes,Pentax,Camera
Pentax::LensInfoQ,MakerNotes,Pentax,Camera
Pentax::LensRec,MakerNotes,Pentax,Camera
Pentax::LevelInfo,MakerNotes,Pentax,Camera
Pentax::LevelInfoK3III,MakerNotes,Pentax,Camera
Pentax::MOV,MakerNotes,Pentax,Camera
Pentax::Main,MakerNotes,Pentax,Camera
Pentax::PENT,MakerNotes,Pentax,Camera
Pentax::PXTH,MakerNotes,Pentax,Camera
Pentax::PixelShiftInfo,MakerNotes,Pentax,Camera
Pentax::S1,MakerNotes,Pentax,Camera
Pentax::SRInfo,MakerNotes,Pentax,Camera
Pentax::SRInfo2,MakerNotes,Pentax,Camera
Pentax::ShotInfo,MakerNotes,Pentax,Camera
Pentax::TempInfo,MakerNotes,Pentax,Camera
Pentax::TimeInfo,MakerNotes,Pentax,Time
Pentax::Type2,MakerNotes,Pentax,Camera
Pentax::Type4,MakerNotes,Pentax,Camera
Pentax::WBLevels,MakerNotes,Pentax,Camera
PhaseOne::Main,MakerNotes,PhaseOne,Camera
PhaseOne::SensorCalibration,MakerNotes,PhaseOne,Camera
PhotoCD::Main,PhotoCD,PhotoCD,Image
PhotoMechanic::SoftEdit,PhotoMechanic,PhotoMechanic,Image
PhotoMechanic::XMP,XMP,XMP-photomech,Image
Photoshop::ChannelOptions,Photoshop,Photoshop,Image
Photoshop::Header,Photoshop,Photoshop,Image
Photoshop::ImageData,Photoshop,Photoshop,Image
Photoshop::JPEG_Quality,Photoshop,Photoshop,Image
Photoshop::Layers,Photoshop,Photoshop,Image
Photoshop::Main,Photoshop,Photoshop,Image
Photoshop::PixelInfo,Photoshop,Photoshop,Image
Photoshop::PrintScaleInfo,Photoshop,Photoshop,Image
Photoshop::Resolution,Photoshop,Photoshop,Image
Photoshop::SliceInfo,Photoshop,Photoshop,Other
Photoshop::VersionInfo,Photoshop,Photoshop,Image
PostScript::Main,PostScript,PostScript,Image
PrintIM::Main,PrintIM,PrintIM,Printing
Qualcomm::Main,MakerNotes,Qualcomm,Camera
QuickTime::AV1Config,QuickTime,QuickTime,Video
QuickTime::Accel360Fly,QuickTime,QuickTime,Location
QuickTime::AudioHeader,QuickTime,QuickTime,Audio
QuickTime::AudioProf,QuickTime,QuickTime,Audio
QuickTime::AudioSampleDesc,QuickTime,QuickTime,Audio
QuickTime::Bitrate,QuickTime,QuickTime,Video
QuickTime::CMovie,QuickTime,QuickTime,Video
QuickTime::ChannelLayout,QuickTime,QuickTime,Audio
QuickTime::CleanAperture,QuickTime,QuickTime,Video
QuickTime::ColorRep,QuickTime,QuickTime,Video
QuickTime::ContentLightLevel,QuickTime,QuickTime,Video
QuickTime::DataRef,QuickTime,QuickTime,Other
QuickTime::DecodeConfig,QuickTime,QuickTime,Audio
QuickTime::EncodingParams,QuickTime,QuickTime,Audio
QuickTime::FileProf,QuickTime,QuickTime,Video
QuickTime::FileType,QuickTime,QuickTime,Video
QuickTime::Flip,QuickTime,MakerNotes,Image
QuickTime::Fusion360Fly,QuickTime,QuickTime,Location
QuickTime::GPS360Fly,QuickTime,QuickTime,Location
QuickTime::GenMediaHeader,QuickTime,QuickTime,Other
QuickTime::GenMediaInfo,QuickTime,QuickTime,Video
QuickTime::Gyro360Fly,QuickTime,QuickTime,Location
QuickTime::HEVCConfig,QuickTime,QuickTime,Video
QuickTime::HTCInfo,QuickTime,QuickTime,Video
QuickTime::Handler,QuickTime,QuickTime,Video
QuickTime::HintHeader,QuickTime,QuickTime,Other
QuickTime::HintInfo,QuickTime,QuickTime,Video
QuickTime::HintSampleDesc,QuickTime,QuickTime,Other
QuickTime::HintTrackInfo,QuickTime,QuickTime,Video
QuickTime::INSV_MakerNotes,QuickTime,MakerNotes,Camera
QuickTime::ImageDesc,QuickTime,QuickTime,Image
QuickTime::ImageFile,QuickTime,QuickTime,Image
QuickTime::ItemInfo,QuickTime,QuickTime,Image
QuickTime::ItemList,QuickTime,ItemList,Audio
QuickTime::ItemProp,QuickTime,QuickTime,Image
QuickTime::ItemPropCont,QuickTime,QuickTime,Image
QuickTime::ItemRef,QuickTime,QuickTime,Image
QuickTime::Keys,QuickTime,Keys,Other
QuickTime::Mag360Fly,QuickTime,QuickTime,Location
QuickTime::Main,QuickTime,QuickTime,Video
QuickTime::MediaHeader,QuickTime,Track#,Video
QuickTime::MediaInfo,QuickTime,Track#,Video
QuickTime::Meta,QuickTime,Meta,Video
QuickTime::MetaData,QuickTime,QuickTime,Video
QuickTime::MetaSampleDesc,QuickTime,QuickTime,Other
QuickTime::Movie,QuickTime,QuickTime,Video
QuickTime::MovieFragHdr,QuickTime,QuickTime,Video
QuickTime::MovieHeader,QuickTime,QuickTime,Video
QuickTime::Nextbase,QuickTime,Nextbase,Camera
QuickTime::OtherSampleDesc,QuickTime,QuickTime,Other
QuickTime::Pittasoft,QuickTime,QuickTime,Other
QuickTime::Preview,QuickTime,QuickTime,Image
QuickTime::PreviewInfo,QuickTime,QuickTime,Other
QuickTime::ProtectionInfo,QuickTime,QuickTime,Audio
QuickTime::RVMI_gReV,QuickTime,QuickTime,Location
QuickTime::RVMI_sReV,QuickTime,QuickTime,Location
QuickTime::Rights,QuickTime,QuickTime,Audio
QuickTime::Rot360Fly,QuickTime,QuickTime,Location
QuickTime::SampleTable,QuickTime,QuickTime,Video
QuickTime::SchemeInfo,QuickTime,QuickTime,Audio
QuickTime::SchemeType,QuickTime,QuickTime,Audio
QuickTime::SkipInfo,QuickTime,QuickTime,Video
QuickTime::SpatialAudio,QuickTime,QuickTime,Audio
QuickTime::Stream,QuickTime,QuickTime,Location
QuickTime::TCMediaInfo,QuickTime,QuickTime,Video
QuickTime::TomTom,QuickTime,QuickTime,Video
QuickTime::Track,QuickTime,Track#,Video
QuickTime::TrackAperture,QuickTime,Track#,Video
QuickTime::TrackHeader,QuickTime,Track#,Video
QuickTime::TrackRef,QuickTime,Track#,Video
QuickTime::UserData,QuickTime,UserData,Video
QuickTime::Video,QuickTime,QuickTime,Video
QuickTime::VideoHeader,QuickTime,QuickTime,Video
QuickTime::VideoProf,QuickTime,QuickTime,Video
QuickTime::Wave,QuickTime,QuickTime,Other
QuickTime::camm0,QuickTime,QuickTime,Location
QuickTime::camm1,QuickTime,QuickTime,Camera
QuickTime::camm2,QuickTime,QuickTime,Location
QuickTime::camm3,QuickTime,QuickTime,Location
QuickTime::camm4,QuickTime,QuickTime,Location
QuickTime::camm5,QuickTime,QuickTime,Location
QuickTime::camm6,QuickTime,QuickTime,Location
QuickTime::camm7,QuickTime,QuickTime,Location
QuickTime::cbmp,QuickTime,QuickTime,Video
QuickTime::equi,QuickTime,QuickTime,Video
QuickTime::iTunesInfo,QuickTime,iTunes,Audio
QuickTime::prhd,QuickTime,QuickTime,Video
QuickTime::sv3d,QuickTime,QuickTime,Video
QuickTime::tx3g,QuickTime,QuickTime,Location
RIFF::ALPH,RIFF,RIFF,Image
RIFF::ANIM,RIFF,RIFF,Image
RIFF::ANMF,RIFF,RIFF,Image
RIFF::AVIHeader,RIFF,RIFF,Video
RIFF::Acidizer,RIFF,RIFF,Audio
RIFF::AudioFormat,RIFF,RIFF,Audio
RIFF::BroadcastExt,RIFF,RIFF,Audio
RIFF::CSET,RIFF,RIFF,Other
RIFF::DS64,RIFF,RIFF,Audio
RIFF::Exif,RIFF,RIFF,Audio
RIFF::ExtAVIHdr,RIFF,RIFF,Video
RIFF::Hdrl,RIFF,RIFF,Image
RIFF::Info,RIFF,RIFF,Audio
RIFF::Instrument,RIFF,RIFF,Audio
RIFF::Main,RIFF,RIFF,Other
RIFF::Sampler,RIFF,RIFF,Audio
RIFF::Stream,RIFF,RIFF,Image
RIFF::StreamData,RIFF,RIFF,Video
RIFF::StreamHeader,RIFF,RIFF,Video
RIFF::UserText,RIFF,RIFF,Location
RIFF::VP8,RIFF,RIFF,Image
RIFF::VP8L,RIFF,RIFF,Image
RIFF::VP8X,RIFF,RIFF,Image
RSRC::Main,RSRC,RSRC,Document
RTF::Main,RTF,RTF,Document
Radiance::Main,Radiance,Radiance,Image
Rawzor::Main,Rawzor,Rawzor,Other
Real::AudioV3,Real,Real-RA3,Audio
Real::AudioV4,Real,Real-RA4,Audio
Real::AudioV5,Real,Real-RA5,Audio
Real::ContentDescr,Real,Real-CONT,Video
Real::FileInfo,Real,Real-MDPR,Video
Real::MediaProps,Real,Real-MDPR,Video
Real::Metadata,Real,Real-RJMD,Video
Real::Metafile,Real,Real,Video
Real::Properties,Real,Real-PROP,Video
Reconyx::Main,MakerNotes,Reconyx,Camera
Reconyx::Type2,MakerNotes,Reconyx,Camera
Reconyx::Type3,MakerNotes,Reconyx,Camera
Red::Main,Red,Red,Camera
Red::RED1,Red,Red,Video
Red::RED2,Red,Red,Video
Ricoh::AVI,MakerNotes,Ricoh,Video
Ricoh::FaceInfo,MakerNotes,Ricoh,Camera
Ricoh::FirmwareInfo,MakerNotes,Ricoh,Camera
Ricoh::ImageInfo,MakerNotes,Ricoh,Image
Ricoh::Main,MakerNotes,Ricoh,Camera
Ricoh::RDTA,MakerNotes,Ricoh,Location
Ricoh::RDTB,MakerNotes,Ricoh,Location
Ricoh::RDTC,MakerNotes,Ricoh,Location
Ricoh::RDTG,MakerNotes,Ricoh,Video
Ricoh::RDTL,MakerNotes,Ricoh,Location
Ricoh::RMETA,APP5,RMETA,Image
Ricoh::SerialInfo,MakerNotes,Ricoh,Camera
Ricoh::Subdir,MakerNotes,Ricoh,Camera
Ricoh::Text,MakerNotes,Ricoh,Camera
Ricoh::ThetaSubdir,MakerNotes,Ricoh,Camera
Ricoh::Type2,MakerNotes,Ricoh,Camera
Samsung::APP5,MakerNotes,Samsung,Camera
Samsung::DualShotExtra,MakerNotes,Samsung,Image
Samsung::INFO,MakerNotes,Samsung,Video
Samsung::MP4,MakerNotes,Samsung,Camera
Samsung::Main,MakerNotes,Samsung,Image
Samsung::OrientationInfo,MakerNotes,Samsung,Camera
Samsung::PictureWizard,MakerNotes,Samsung,Image
Samsung::SingleShotMeta,MakerNotes,Samsung,Image
Samsung::Thumbnail,MakerNotes,Samsung,Camera
Samsung::Trailer,MakerNotes,Samsung,Other
Samsung::Type2,MakerNotes,Samsung,Image
Samsung::sec,MakerNotes,Samsung,Camera
Samsung::smta,MakerNotes,Samsung,Video
Sanyo::FaceInfo,MakerNotes,Sanyo,Image
Sanyo::MOV,MakerNotes,Sanyo,Camera
Sanyo::MP4,MakerNotes,Sanyo,Camera
Sanyo::Main,MakerNotes,Sanyo,Camera
Sanyo::Thumbnail,MakerNotes,Sanyo,Camera
Scalado::Main,APP4,Scalado,Image
Sigma::Main,MakerNotes,Sigma,Camera
Sigma::WBSettings,MakerNotes,Sigma,Image
Sigma::WBSettings2,MakerNotes,Sigma,Image
SigmaRaw::Header,SigmaRaw,SigmaRaw,Other
SigmaRaw::Header4,SigmaRaw,SigmaRaw,Other
SigmaRaw::HeaderExt,SigmaRaw,SigmaRaw,Camera
SigmaRaw::Main,SigmaRaw,SigmaRaw,Other
SigmaRaw::Properties,SigmaRaw,SigmaRaw,Camera
Sony::AFInfo,MakerNotes,Sony,Camera
Sony::AFStatus15,MakerNotes,Sony,Camera
Sony::AFStatus19,MakerNotes,Sony,Camera
Sony::AFStatus79,MakerNotes,Sony,Camera
Sony::CameraInfo,MakerNotes,Sony,Camera
Sony::CameraInfo2,MakerNotes,Sony,Camera
Sony::CameraInfo3,MakerNotes,Sony,Camera
Sony::CameraSettings,MakerNotes,Sony,Camera
Sony::CameraSettings2,MakerNotes,Sony,Camera
Sony::CameraSettings3,MakerNotes,Sony,Camera
Sony::Ericsson,MakerNotes,Sony,Image
Sony::ExtraInfo,MakerNotes,Sony,Camera
Sony::ExtraInfo2,MakerNotes,Sony,Camera
Sony::ExtraInfo3,MakerNotes,Sony,Camera
Sony::FaceInfo,MakerNotes,Sony,Camera
Sony::FaceInfo1,MakerNotes,Sony,Image
Sony::FaceInfo2,MakerNotes,Sony,Image
Sony::FaceInfoA,MakerNotes,Sony,Camera
Sony::FocusInfo,MakerNotes,Sony,Camera
Sony::HiddenInfo,MakerNotes,Sony,Image
Sony::ISOInfo,MakerNotes,Sony,Camera
Sony::Main,MakerNotes,Sony,Camera
Sony::MeterInfo,MakerNotes,Sony,Image
Sony::MeterInfo9,MakerNotes,Sony,Image
Sony::MoreInfo,MakerNotes,Sony,Camera
Sony::MoreInfo0201,MakerNotes,Sony,Camera
Sony::MoreInfo0401,MakerNotes,Sony,Camera
Sony::MoreSettings,MakerNotes,Sony,Camera
Sony::PIC,MakerNotes,Sony,Camera
Sony::PMP,MakerNotes,Sony,Image
Sony::Panorama,MakerNotes,Sony,Image
Sony::SR2DataIFD,MakerNotes,SR2DataIFD,Camera
Sony::SR2Private,MakerNotes,SR2,Camera
Sony::SR2SubIFD,MakerNotes,SR2SubIFD,Camera
Sony::SRF,MakerNotes,SRF#,Camera
Sony::SRF2,MakerNotes,SRF#,Camera
Sony::ShotInfo,MakerNotes,Sony,Image
Sony::Tag2010a,MakerNotes,Sony,Image
Sony::Tag2010b,MakerNotes,Sony,Image
Sony::Tag2010c,MakerNotes,Sony,Image
Sony::Tag2010d,MakerNotes,Sony,Image
Sony::Tag2010e,MakerNotes,Sony,Image
Sony::Tag2010f,MakerNotes,Sony,Image
Sony::Tag2010g,MakerNotes,Sony,Image
Sony::Tag2010h,MakerNotes,Sony,Image
Sony::Tag2010i,MakerNotes,Sony,Image
Sony::Tag202a,MakerNotes,Sony,Camera
Sony::Tag900b,MakerNotes,Sony,Camera
Sony::Tag9050a,MakerNotes,Sony,Image
Sony::Tag9050b,MakerNotes,Sony,Image
Sony::Tag9050c,MakerNotes,Sony,Image
Sony::Tag9050d,MakerNotes,Sony,Image
Sony::Tag9400a,MakerNotes,Sony,Image
Sony::Tag9400b,MakerNotes,Sony,Image
Sony::Tag9400c,MakerNotes,Sony,Image
Sony::Tag9401,MakerNotes,Sony,Image
Sony::Tag9402,MakerNotes,Sony,Image
Sony::Tag9403,MakerNotes,Sony,Image
Sony::Tag9404a,MakerNotes,Sony,Image
Sony::Tag9404b,MakerNotes,Sony,Image
Sony::Tag9404c,MakerNotes,Sony,Image
Sony::Tag9405a,MakerNotes,Sony,Image
Sony::Tag9405b,MakerNotes,Sony,Image
Sony::Tag9406,MakerNotes,Sony,Image
Sony::Tag9406b,MakerNotes,Sony,Image
Sony::Tag940a,MakerNotes,Sony,Camera
Sony::Tag940c,MakerNotes,Sony,Image
Sony::Tag940e,MakerNotes,Sony,Image
Sony::Tag9416,MakerNotes,Sony,Image
Sony::rtmd,Sony,Sony,Video
SonyIDC::Main,MakerNotes,SonyIDC,Image
Stim::CropX,Stim,Stim,Image
Stim::CropY,Stim,Stim,Image
Stim::Main,Stim,Stim,Image
Text::Main,File,File,Document
Theora::Identification,Theora,Theora,Video
Torrent::Files,Torrent,Torrent,Document
Torrent::Info,Torrent,Torrent,Document
Torrent::Main,Torrent,Torrent,Document
Torrent::Profiles,Torrent,Torrent,Document
VCard::Main,VCard,VCard,Document
VCard::VCalendar,VCard,VCalendar,Document
VCard::VNote,VCard,VNote,Document
Vorbis::Comments,Vorbis,Vorbis,Audio
Vorbis::Identification,Vorbis,Vorbis,Audio
WPG::Main,File,File,Image
WTV::Metadata,WTV,WTV,Video
XISF::Main,XML,XML,Image
XMP::ACDSeeRegions,XMP,XMP-acdsee-rs,Image
XMP::Album,XMP,XMP-album,Image
XMP::DICOM,XMP,XMP-DICOM,Image
XMP::Device,XMP,XMP-Device,Camera
XMP::ExifTool,XMP,XMP-et,Image
XMP::ExpressionMedia,XMP,XMP-expressionmedia,Image
XMP::GAudio,XMP,XMP-GAudio,Audio
XMP::GCamera,XMP,XMP-GCamera,Camera
XMP::GContainer,XMP,XMP-GContainer,Image
XMP::GCreations,XMP,XMP-GCreations,Camera
XMP::GDepth,XMP,XMP-GDepth,Image
XMP::GFocus,XMP,XMP-GFocus,Image
XMP::GImage,XMP,XMP-GImage,Image
XMP::GPano,XMP,XMP-GPano,Image
XMP::GSpherical,XMP,XMP-GSpherical,Image
XMP::GettyImages,XMP,XMP-getty,Image
XMP::HDRGainMap,XMP,XMP-HDRGainMap,Unknown
XMP::LImage,XMP,XMP-LImage,Image
XMP::Lightroom,XMP,XMP-lr,Image
XMP::MediaPro,XMP,XMP-mediapro,Image
XMP::PixelLive,XMP,XMP-PixelLive,Image
XMP::SEAL,XML,SEAL,Document
XMP::SVG,SVG,SVG,Image
XMP::XML,XML,XML,Unknown
XMP::aas,XMP,XMP-aas,Image
XMP::acdsee,XMP,XMP-acdsee,Image
XMP::apdi,XMP,XMP-apdi,Image
XMP::apple_fi,XMP,XMP-apple-fi,Image
XMP::aux,XMP,XMP-aux,Camera
XMP::cc,XMP,XMP-cc,Author
XMP::cell,XMP,XMP-cell,Location
XMP::crd,XMP,XMP-crd,Image
XMP::creatorAtom,XMP,XMP-creatorAtom,Image
XMP::crs,XMP,XMP-crs,Image
XMP::dc,XMP,XMP-dc,Other
XMP::dex,XMP,XMP-dex,Image
XMP::digiKam,XMP,XMP-digiKam,Image
XMP::exif,XMP,XMP-exif,Image
XMP::exifEX,XMP,XMP-exifEX,Image
XMP::extensis,XMP,XMP-extensis,Image
XMP::fpv,XMP,XMP-fpv,Image
XMP::hdr,XMP,XMP-hdr,Image
XMP::hdrgm,XMP,XMP-hdrgm,Image
XMP::ics,XMP,XMP-ics,Image
XMP::iptcCore,XMP,XMP-iptcCore,Author
XMP::iptcExt,XMP,XMP-iptcExt,Author
XMP::panorama,XMP,XMP-panorama,Image
XMP::pdf,XMP,XMP-pdf,Image
XMP::photoshop,XMP,XMP-photoshop,Image
XMP::pmi,XMP,XMP-pmi,Image
XMP::prism,XMP,XMP-prism,Document
XMP::prl,XMP,XMP-prl,Document
XMP::prm,XMP,XMP-prm,Document
XMP::pur,XMP,XMP-pur,Document
XMP::rdf,XMP,XMP-rdf,Document
XMP::swf,XMP,XMP-swf,Image
XMP::tiff,XMP,XMP-tiff,Image
XMP::x,XMP,XMP-x,Document
XMP::xmp,XMP,XMP-xmp,Image
XMP::xmpBJ,XMP,XMP-xmpBJ,Other
XMP::xmpDM,XMP,XMP-xmpDM,Image
XMP::xmpMM,XMP,XMP-xmpMM,Other
XMP::xmpNote,XMP,XMP-xmpNote,Other
XMP::xmpPLUS,XMP,XMP-xmpPLUS,Author
XMP::xmpRights,XMP,XMP-xmpRights,Author
XMP::xmpTPg,XMP,XMP-xmpTPg,Image
ZIP::GZIP,ZIP,ZIP,Other
ZIP::Main,ZIP,ZIP,Other
ZIP::RAR,ZIP,ZIP,Other
ZIP::RAR5,ZIP,ZIP,Other
ZISRAW::Main,File,File,Image
iWork::Main,XML,XML,Document
